metric,value
Accuracy,0.6585666954517364
Precision,0.6585666954517364
Recall,1.0
F1_Score,0.792930697684717
Temp,11.982 seg
