metric,value

Accuracy,0.6482906103134155

Precision,0.25833333730697633

Recall,0.0717948742210865

F1_Score,0.08404761850833893

Temp,10.041 seg

