metric,value
Accuracy,0.8252381026744843
Precision,0.794055950641632
Recall,0.6461904942989349
F1_Score,0.532392430305481
Temp,4.3506 seg
