metric,value
Accuracy,0.749727475643158
Precision,0.7857267320156097
Recall,0.8468192219734192
F1_Score,0.8136300989536538
Temp,7.5869 seg
