metric,value
Accuracy,0.5223866403102875
Precision,0.5943831205368042
Recall,0.6309104472398758
F1_Score,0.5916468970464114
Temp,57.552 seg
