metric,value
Accuracy,0.6457265079021454
Precision,0.41773810386657717
Recall,0.17500000447034836
F1_Score,0.1743771031498909
Temp,9.2072 seg
