metric,value
Accuracy,0.8228571534156799
Precision,0.8213636398315429
Recall,0.6052381157875061
F1_Score,0.5240184843540192
Temp,5.7150 seg
