metric,value
Accuracy,0.7533849537372589
Precision,0.7848912835121155
Recall,0.8565496623516082
F1_Score,0.8178256104990005
Temp,7.3988 seg
