metric,value
Accuracy,0.5471160411834717
Precision,0.6126092135906219
Recall,0.7448317460715771
F1_Score,0.6273651574465957
Temp,54.582 seg
